Airline Name,inflight_service_sentiment,cancellation_luggage_sentiment,delay_sentiment,crew_meal_sentiment,boarding_sentiment
AB Aviation,0.0,0.0,0.0,0.0,0.1164150237024536
AIRDO,0.3517428956907517,0.0,0.12014210000817706,0.0,0.34698325395584106
AJet,-0.06859389637022416,-0.39369403407217846,-0.056692473094866025,0.0,0.041543043594650435
ANA All Nippon Airways,0.29650295354741707,-0.006072959421779611,-0.008573170243522858,0.0589211021308432,0.003420801292921244
ASKY Airlines,0.00528362928641118,-0.17841000846458768,-0.18872228726661003,0.0,-0.13278153375197554
ATA Airlines,-0.4679555296897888,0.0,0.0,0.0,0.0
Adria Airways,0.05378292038850176,-0.05138199104204836,0.011358841689964235,0.25736555089962054,0.025063731435380713
Aegean Airlines,0.06001454879067169,-0.21611708515951242,-0.08936959879130942,0.0006373122133753118,-0.04531447984071951
Aer Lingus,-0.06552777527349068,-0.16289451938960733,-0.0696314408745228,0.0010490340380299773,-0.1303200572588204
Aero VIP,0.0,0.09736953842142061,0.19252039618454386,0.059194188976332884,0.32308280009959756
AeroItalia,0.0,-0.29092327766666665,-0.4081138915780193,-0.2043780935840799,0.0
Aerocaribbean,0.0,0.0,-0.28954275449117023,0.49354539753465976,0.13687806882988288
Aeroflot Russian Airlines,0.10693669904660423,-0.18907915730816366,-0.0878060757520091,0.030050422938340832,-0.00043704227337335586
Aerolineas Argentinas,0.060153450975989724,-0.1680276947165064,-0.06148976362284154,0.001942451092050737,0.009278429313798004
Aeromar,0.0,-0.30078944294174453,-0.09036687285734127,0.0672065111237338,-0.07436853234595603
Aeromexico,-0.040291094981970345,-0.41744780671200205,-0.06417933034528475,-0.014847190472544635,-0.05109808207351087
Aerosur,-0.05637540770553975,-0.05364767251012234,-0.061669585943941514,0.050733302178864494,0.0671062694710567
Africa World Airlines,0.0,-0.2853748766494353,-0.30733934210760094,0.04995150788644002,-0.14424586667172254
Afriqiyah Airways,0.027366136165363292,-0.04084728219098667,-0.11525880549626115,0.14630219290840615,0.03354393817766633
Aigle Azur,0.10067477653858352,-0.23986773216801122,0.01405855119713277,-0.03860610720644912,-0.08549485866025411
Air Algerie,-0.07341999576029741,-0.05441175703009326,-0.0945403278911718,-0.010474832229929119,-0.019533522570523796
Air Antilles,0.0,-0.30919621875054787,-0.2780194299464458,0.0,0.1544546351891507
Air Arabia,-0.030195778776725954,-0.37290349942004997,-0.17290458588397947,-0.00715606106205823,-0.047165441701199115
Air Astana,0.3760513594569236,-0.04716926044672119,-0.020898533187416513,0.03331309967025665,0.014031138319623318
Air Austral,0.31223786275657384,-0.059941799819304344,-0.06368344764589737,0.007398986556792901,0.05478430390887629
Air Bagan,0.24165842398933435,0.01877635897863893,0.06199437407588054,0.1572963755997466,0.07687146175642402
Air Belgium,0.7649415731430054,0.0,0.0,0.0,0.0
Air Berlin,-3.410474766906785e-05,-0.13473939573143134,-0.1654403033355111,-0.018811319636890804,-0.044262961408100654
Air Botswana,0.0,-0.011272642182379703,-0.022834778040703108,0.11721536832443892,0.07849824698880804
Air Burkina,0.0,0.0,0.29833247168420485,0.0,0.13168240682722399
Air Busan,0.24136978894515734,0.0006521352771765553,0.049224541779549456,0.06453187928308876,0.08065610742653251
Air Cairo,-0.050320314778668294,-0.10264384365137014,-0.2420722674706016,0.00479994562386526,0.019870571526017927
Air Canada,-0.02088507729050644,-0.26299006418531073,-0.09975313468124834,-0.04732938084266374,-0.05872287971379933
Air Canada rouge,-0.0800270323104942,-0.15962018432375355,-0.10642793534587656,-0.06052390569501743,-0.1409029220817154
Air Caraibes,0.22239052237484408,-0.146928412432802,-0.06455256435363783,-0.02396251515736962,-0.06715679708132945
Air China,-0.034932090520967234,-0.1379918503924854,-0.03607404812838886,-0.03005844347831531,-0.08330377967653081
Air Corsica,0.014689659014400896,-0.16525626034413834,0.007585420915046498,0.13135469172159023,-0.01885032527135459
Air Costa,0.965732992,0.0,0.0,0.0,0.0
Air Cote d'Ivoire,0.0,0.0,-0.8933430910110474,0.0,0.0
Air Djibouti,0.2507614443503749,0.0,0.12326983116041307,0.0,0.0
Air Dolomiti,0.1973829899129286,-0.05383826992236374,-0.03179939920451585,0.12635234368360682,0.023518364804785946
Air Europa,-0.05100196540357421,-0.22843824844445518,-0.10644959615785377,0.0025410473142736616,-0.13719672379951003
Air France,-0.043903288387186164,-0.21384762782356392,-0.06341293511328176,-0.029304330900068468,-0.01858011904861863
Air Greenland,0.27049549013712204,-0.09838679559460045,-0.030435564219495417,0.022870242420243773,-0.09058794554542093
Air Iceland Connect,0.0,0.0,0.0,0.16051604364877345,0.16566954029393488
Air India,-0.22077422855823653,-0.19869695045073654,-0.1159438573473636,-0.010351486089978578,-0.04902545496248692
Air India Express,-0.04960549609334172,-0.252962381240571,-0.1615361742514234,-0.01996049424558056,-0.05526018420972964
Air Italy,0.17458391991875843,-0.07342371251814438,-0.07380137425902492,0.03488951319878605,0.00047020467000863196
Air Juan,-0.008350933395015808,-0.36652739380210697,-0.2172404099437275,0.019429576626867156,-0.07331982340522493
Air KBZ,0.5709205375136652,0.0,0.04858055034289951,0.11925651108926703,0.024742455762176124
Air Koryo,0.07058631533342712,0.024066399267949325,0.02907767556169696,0.25605671122171547,0.14103714207919868
Air Labrador,0.0,0.0,0.19837611109198605,0.0,0.5334236702304932
Air Macau,-0.10551853497057288,-0.0005147630751439162,-0.13449359771150646,-0.020972200477078658,0.001374779285806548
Air Madagascar,-0.039088992383077746,-0.14560593108743977,-0.023012874840390923,-0.011953822015824607,0.02032089687584291
Air Malawi,0.0,0.0,0.0,0.12286313372285494,0.17889976504016583
Air Malta,-0.06791971851576635,-0.21941146277383758,-0.10190104721786353,-0.04535147254417213,-0.027033426311574665
Air Mauritius,-0.043696643863128305,-0.07741825508864236,-0.07530525912439158,0.03955391694732874,-0.01722081925640283
Air Mediterranee,-0.09440287392112502,-0.14479387800000001,-0.185372596574099,0.3606562051002993,0.03300151896230248
Air Memphis,-0.06327243588331864,0.0,-0.08367182754835369,0.000414514040987532,0.017325422543028556
Air Moldova,0.13087015781773528,-0.13512331228171212,-0.09252152715703028,0.009648828373250562,-0.0046265927196975296
Air Montenegro,-0.10854019188065844,-0.11369157739185154,-0.39819710586066875,0.2297767847776413,0.0
Air Namibia,0.025022567575966548,-0.0728356642376403,-0.04369798657953569,0.170451751671019,-0.002957954170554631
Air New Zealand,-0.02055876048316672,-0.22231938587113245,-0.09797504449570962,0.030851661332731282,-0.034185171067128935
Air Niugini,0.09659159479907839,-0.05454681393325174,-0.08703775923648155,0.050940348769706545,-0.05040779983816666
Air North Yukon's Airline,0.20651106911264933,0.06538070198349785,0.0,0.36798174485952284,0.03719242699808708
Air Nostrum,0.1854943364281536,-0.003600226142692459,-0.023589336981650246,0.17075057714343445,0.01871205826043697
Air Panama,0.0,-0.2224944723613908,0.011127127699901882,0.016816470210182594,-0.13494166047872996
Air Pegasus,0.0,-0.22035646035843953,-0.009907488079945459,0.24054393175,0.0
Air Premia,0.13515722194158603,0.0,0.0,0.10880766700227906,0.05779091672869146
Air Rarotonga,0.0,0.0,0.32527559995651245,0.3017957892187488,0.3387102400387381
Air Senegal,-0.16610343520554124,0.0,-0.5794320874938148,0.0,0.0
Air Serbia,-0.007540238129214025,-0.2891819483871598,-0.30045543188693147,-0.01130043365387974,0.005422452127167973
Air Seychelles,0.055362010162211296,-0.08472988163850007,-0.07872881351808877,-0.038020961740601204,-0.10236606103068928
Air Tahiti Nui,-0.0823212380334629,-0.12909606564694656,-0.051212284392619496,-0.023142040975437227,-0.06065841361606032
Air Tanzania,-0.0004125230369476944,-0.3052970834010536,-0.2903561644725841,-0.03172948843543752,-0.05222224676514155
Air Transat,-0.04133251862492757,-0.2637065309716416,-0.10305652847061182,-0.054091124992771154,-0.03218407304502357
Air Zimbabwe,0.03906503394772288,-0.14102734393328242,-0.10262258975452625,0.06835569643263008,0.010327212426565173
AirAsia,0.05166807026482026,-0.21205266781089635,-0.11233947545730798,0.013759083753083115,-0.05107200617322873
AirAsia India,0.04498808916511488,-0.11337256666238715,-0.113119357518416,-0.002363531313291662,0.03645667852441114
AirAsia Philippines,0.024095627340135647,-0.2337248951067269,-0.22143698486226707,-0.01616232751572611,-0.09431654789206488
AirAsia X,0.041189580052194724,-0.14116833732980894,-0.04296533138950026,0.005820081875873311,-0.019965576480708302
AirAsia Zest,0.05011006118382059,-0.05820214803054289,-0.09021426964693208,0.06227997266280526,0.05498941693549784
AirConnect,0.0,-0.6816893815994263,0.0,0.0,0.0
AirSWIFT,0.0,-0.19916341193357753,-0.17664466665990727,0.04721251731640087,-0.028623985762918497
Aircalin,0.20512591363931384,-0.054533028146130647,0.009552992436931466,0.09726414113641728,0.10246199916378422
Airlink,0.042907564977813825,-0.11448070932115374,-0.03204462466868079,0.14461942808250525,0.10066347740352154
Airnorth,0.04203756814887496,-0.11526697247235954,-0.012523766602889954,0.029622835167387822,0.0804384871908475
Akasa Air,0.019210897685327334,-0.16308085378585083,-0.15132790103944843,-0.023680986947511643,-0.03963828891013606
Alaska Airlines,-0.026949730621271806,-0.2386570784660671,-0.08970494527604753,-0.05969017575229759,-0.034001164033802184
Alitalia,-0.024537981441010527,-0.20591393582871806,-0.11794381862117934,-0.011749023445355307,-0.05169748734123281
Allegiant Air,-0.000199941182679485,-0.2940254907471181,-0.1394837987568549,-0.04331498341836139,-0.08487003162312483
Alliance Air,-0.02758992559991961,-0.28308247324955377,-0.2757146032047467,-0.011259743251602727,-0.12560634088940212
Alliance Airlines,-0.05662270180570124,-0.22465273301066505,-0.0758854299795588,-0.1270960924215105,-0.1208330291068747
Amaszonas,0.027076575265785403,-0.06226911526568472,-0.09855686002182976,-0.03442650728536334,-0.0869580381849196
American Airlines,0.008035576114845035,-0.2536513735152195,-0.16733911494405707,-0.005965503543601961,-0.06758875374153607
American Eagle,-0.0007358733884292611,-0.10085119932913038,-0.15059103782514227,0.0071004673741676,-0.06579573416278128
AnadoluJet,0.04001227300559569,-0.11023408990273496,-0.16482347759071245,-0.12199448470548234,-0.07715937921045188
Andes Líneas Aéreas,0.0,-0.5313992150885284,-0.38389248169835205,0.0,0.0
Arajet,-0.0346714214042381,-0.3707775960327642,-0.12924382190086023,0.025115624461391078,-0.07755162744298649
Ariana Afghan Airlines,0.6611366470417479,0.0,0.0,0.2650226156154178,0.0
Arik Air,-0.05439666240627933,-0.05066059869207123,-0.24536310597775424,0.0030886057995382623,-0.03781436541487194
Arkefly,-0.07155843990608587,-0.06122893854661467,-0.02142252781331034,-0.013075420479292587,-0.01583289590263353
Armenia Air Company,0.0,-0.5488622737056867,-0.12809813987826604,0.0,-0.25658338772372535
Armenian Airlines,-0.07873543036944224,-0.2991919444339397,-0.13794924474657727,0.0,-0.4349897221992576
Asiana Airlines,0.10660962025426947,-0.049832644660062576,-0.0031773768889875147,0.05194160368793259,0.08072211029706106
Atlantic Airways,0.604363187154978,0.0,0.0,0.2404378974035768,0.0
Auric Air,0.0,0.0,0.0,0.0,0.0
Aurigny Air,0.06249805970248028,-0.021552770171867602,0.16925049909329623,0.07638485158748287,-0.005609508007093766
Austrian Airlines,0.015139542678508344,-0.25411965092550054,-0.10734304557379351,0.043040075421343894,-0.017847619935126482
Avelo Airlines,-0.0045010542717212505,-0.2926269318288184,-0.10123637785623871,-0.0018131530299246646,-0.03363990123969194
Avianca,-0.13170442217901177,-0.31739980498822823,-0.05896039872286936,-0.12226289369008873,-0.13469274805599346
Avior Airlines,-0.040527826260702185,-0.15524558714586795,-0.17928683810794807,-0.08440244793891907,-0.062086954564635255
Azerbaijan Airlines,0.09854603142939589,-0.06426735462911692,-0.011599954184132021,0.24858614255490258,0.04252472541895434
Azur Air Germany,-0.15036319923239289,-0.062002841422561586,0.0,-0.09622757899922792,-0.1968741677308045
BA CityFlyer,0.1869837777774496,-0.0009829493325414296,0.04405177558382535,0.19794844869202785,0.04082035889438413
Badr Airlines,0.0,0.0,0.0,0.8359141945838928,0.0
Bahamasair,-0.007354506437345207,-0.12088485346288398,-0.3302361067144432,-0.0006324076632778064,-0.047629959933175994
Bamboo Airways,0.08543265290476164,-0.24636292741491014,-0.03307268134041716,0.13045683606261796,-0.035655062061709805
Bangkok Airways,0.23542053887268047,-0.02855488838432695,-0.017266810209159326,0.050552694357035535,0.02374844258136
Bassaka Air,0.033540728789412375,0.01794531144054491,-0.02224939606562604,0.019837037996124674,0.6092364795707147
Batik Air,-0.12267459114143163,-0.18495768056655237,-0.1756332844299232,-0.016275968702437055,-0.04057347189709619
Beijing Capital Airlines,0.1319644851353581,0.0420411920221621,0.06894124448681214,0.00231112247191111,0.25405307249246295
Belavia,0.19436439024054636,-0.07217681693782924,-0.018377720274085227,0.016614829203968756,0.033605121581923005
Berjaya Air,0.17696099604609192,0.0,0.06611505093927074,-0.009119234499565027,0.0690321587617228
Bhutan Airlines,0.06792752582394207,-0.13260980078307058,-0.04935564026351066,0.09445902887686491,0.0017569849720627682
Binter Canarias,0.0,-0.12373446988168597,0.09660237830417612,0.2523966284998768,0.1863508546818872
Blue Air,0.00797324113096476,-0.33737040979046645,-0.08878905279922047,-0.02148845407198967,-0.07231180542148179
Blue Islands,0.028160100389794187,-0.05398992105198891,0.024604947092186805,0.057127309361591286,0.04742621977193088
Blue Panorama Airlines,-0.05164366147850169,-0.3650657377824198,-0.09947088656724612,-0.015906417521402556,-0.08159785892726266
Blue1,0.024333262795135195,0.009024318819429998,0.02474797951296306,0.11836944791384063,0.12226976658311911
Bluebird Airways,-0.0849721013128867,-0.3046470811719473,-0.136787586570175,0.004864913856409097,-0.08310664551369723
BoraJet,0.0,-0.2920829440687613,-0.5965317700768992,0.0,0.0
Boutique Air,-0.0172640943987706,-0.29302958503980253,-0.1939728114564064,-0.005222346109364009,0.047026898031383706
Breeze Airways,0.022034635420311394,-0.3403094157237662,-0.14964853355330818,0.013231180371051891,-0.015659836701367433
British Airways,0.011301486653334383,-0.1921572608349555,-0.10550755778370602,-0.01898761901866011,-0.047094214227799386
Brussels Airlines,-0.007201509616735932,-0.22885509405231705,-0.08646245039420941,0.0025891299881934888,-0.054440103694943884
Buddha Air,0.03654273645173904,-0.01635227751022705,-0.2973738623910953,0.0,-0.20587628679492173
Bulgaria Air,0.17156042863069956,-0.10897937261051142,-0.052438501669350164,0.06760843764263383,-0.006938635212321137
Buta Airways,-0.030296657740444637,-0.5207659009431824,0.0,0.17197469014330602,-0.002787202701724106
CSA Czech Airlines,-0.0787097797968861,-0.11624793856485224,-0.2282826460539166,-0.05043729037769522,-0.040965299072535766
Camair-Co,0.0,0.0,-0.38564538955688477,-0.4198169708251953,0.0
Cambodia Airways,0.12257792949676513,-0.3070599216319553,-0.07048682888319946,-0.05467379923153622,0.004549999457781118
Cambodia Bayon Airlines,0.0,0.0,0.0,0.0,0.0
Canadian North,0.0,0.026410209282546088,0.0,0.10055029228770225,0.40132552976081076
Canaryfly,-0.0052764607680836784,0.0,-0.21299289629309642,-0.07343118176752415,0.0369452376937773
Cape Air,-0.008908221915138426,-0.21620981157782843,-0.11754636885484852,0.02897133542027077,-0.04989192172446614
Caribbean Airlines,0.05355950174599895,-0.16259876277803711,-0.050250230534666776,0.07923836684709477,-0.04684808132444712
Carpatair,0.047068111599548136,-0.13298833060803103,-0.0025665287746802325,0.1830638860239402,-0.01105157892985632
Cathay Dragon,0.05148772425538286,0.005090682638005865,-0.007630395172654997,0.1891541678635122,0.02640576883510451
Cathay Pacific Airways,0.055798311171190954,-0.05465061411849552,-0.03793942691325105,-0.03354672562798203,0.0075293297019940544
Cayman Airways,-0.013342335416561176,-0.20015448917968917,-0.03667275110705383,0.004067436976396592,-0.024412349545353696
Cebu Pacific,-0.024450883034135246,-0.31669809137844457,-0.13914933366034163,-0.06072098674799224,-0.08949885431905764
CemAir,0.07606342828371607,-0.22178145360723214,-0.18459078071265209,0.13864056502640323,-0.13240628271108643
Central Mountain Air,0.08731587223939163,-0.22623784032289102,-0.15395862692219311,0.03741869081343027,0.09833463386284844
China Airlines,0.20744434459966288,-0.08853419358952838,0.0005014042888196701,0.057687545374449326,-0.01573190751134799
China Eastern Airlines,-0.030696026099084773,-0.08766571244074502,-0.045131180132088417,-0.008677443258142799,-0.08231463783372195
China Southern Airlines,0.1991717009537347,-0.0625931099353194,-0.010727032530446119,0.052335391976613736,0.21228211423532004
China United Airlines,0.0,-0.2164415955686735,-0.08111817345064816,0.02036636477327388,-0.0828506697928499
Citilink,0.05931157850829107,-0.11493057080046833,-0.025814316839869025,0.248680819700741,0.03918153710308827
CityJet,0.007168850032073958,-0.033367726029597075,-0.09501536795444318,0.12471666808945052,0.03962076030548452
Coastal Aviation,0.0,-0.06400649138149209,0.010754512084120621,0.42598364587597426,0.10444319667279345
Cobalt,0.15052993267806958,-0.10046907199750114,0.0018869233501005505,0.03587433605696202,-0.036925472201485315
Comair,0.030821465608819477,-0.050970208583693694,-0.04764398070812634,0.13467826738177874,-0.05172645235194071
Condor Airlines,-0.1498031573814234,-0.2613768571084138,-0.12998865327558357,-0.017215482166192394,-0.04506257478707932
Contour Airlines,0.0,-0.51961985975352,-0.07089120398117033,0.0,0.0
Conviasa,0.3679696500385562,0.0,0.04575775861303733,0.06594641804289503,0.19219794273376464
Copa Airlines,-0.07437982968898867,-0.25900606829288775,-0.10097873346532764,-0.08450328062546729,-0.03615714036020343
Corendon Airlines,-0.0008877704609009209,-0.18728663731643932,-0.11357258712379205,-0.020261034407540877,-0.056004895553982234
Corsair,0.08710746111626771,-0.06956585385713952,-0.03352485556688736,0.022078086049489697,-0.03415332712032818
Croatia Airlines,0.08313563034385466,-0.08807557395248126,-0.06194063003911287,0.04301039785016087,-0.03859958777303199
Cubana Airlines,-0.002013785732287052,-0.04112418893456177,-0.20038374574889642,0.004409490341243422,-0.008499712820846408
Cyprus Airways,-0.015926169969379945,-0.2991099187232726,-0.05918577046953494,0.055012386468540446,0.11731736335253916
Delta Air Lines,0.022976842311716417,-0.34216618410218586,-0.11048442194101385,-0.0390341272670952,-0.06888584565130189
Dimonim Air,0.0,0.0,0.0,0.0,0.5901727676391602
Discover Airlines,-0.058100291661670835,-0.2653085145378616,-0.0916978636007119,-0.11052366049776667,-0.016597698762106254
Dniproavia,0.19214174151420593,0.0347327475045122,0.02111847860040417,0.39896452244030706,0.11231512257003379
Dragonair,0.043472290330946864,-0.005524132858325721,-0.016319905030449187,0.18116275085115954,0.011306092715835065
Druk Air,0.4380565196888219,0.011980322566817353,0.03497987540702265,0.28701188494657576,0.04034440219402313
Dynamic International Airways,0.0,0.0,0.0,0.0,0.0
EVA Air,0.21198436157882905,-0.06500672141360905,-0.033011677765996186,0.036034763730483796,0.03286960794872972
EWA Air,0.0,0.0,0.0,-0.8161413669586182,0.0
Eastern Airlines,0.0,-0.2063408269669644,-0.26060085633412705,0.0,-0.06497241180683905
Eastern Airways,0.0989511242891452,-0.06388218233556431,-0.01254362897107913,0.14085874025997772,-0.04596779982833776
Easyfly,0.06353611081563303,-0.17940531020162226,-0.020348536693209716,0.0,0.04240061278583349
Edelweiss Air,0.0847135392086862,-0.07505395311181984,-0.04311159889176418,0.11715582993399172,0.0003898817330923704
Egyptair,-0.03256941136798503,-0.17072312891818084,-0.17333222890804265,-0.0013792590998883752,-0.0889011829018113
El Al Israel Airlines,0.008343824801829842,-0.2473384528881409,-0.051680279124665274,0.01438596013816368,-0.05926429847124098
Ellinair,0.14852638863985262,-0.030974885196090367,0.03615894666512143,0.09246733945208721,0.1666935498857956
Emirates,-0.0060657738103751255,-0.14937693855462114,-0.12454475572887182,-0.013673167406504918,-0.06516331004952569
Eritrean Airlines,-0.0853373110294342,0.16834997330616908,0.12516648570696512,0.13864746496567135,0.0
Ernest Airlines,0.0,-0.28611418094968033,-0.13683011858841337,0.17143236491715325,-0.11288098670760419
Estonian Air,0.03255420019230154,-0.0014805798279941703,0.03028391778628077,0.0705586258079796,-0.01532762290630847
Eswatini Air,0.0,0.0,0.5524128635194256,0.2767990864805744,0.0
Ethiopian Airlines,-0.0682714860731338,-0.17729385478898907,-0.08222819177092194,-0.04575342312212387,-0.03875232054749018
Etihad Airways,-0.036128006120242175,-0.27749424795741534,-0.10465154508623228,-0.10786248192766465,-0.07478584270544383
Europe Airpost,0.0,0.0,0.0,0.6228113433381975,0.3366084435918868
Eurowings,-0.027236461001314285,-0.3302623621050475,-0.12117520887490217,-0.0764320948304831,-0.03920327707486307
Evelop Airlines,0.09105694209083944,-0.06659795384304991,-0.2048075952771202,-0.10732599966599321,0.039733996842850956
FLYONE,-0.05333481280670735,-0.3698637875234133,-0.21900840321538956,-0.0650412268191868,-0.06933450739258057
FMI Air,0.8939929008483887,0.0,0.0,0.0,0.0
Felix Airways,0.4823395311832428,0.0,0.0,0.0,0.0
Fiji Airways,0.09624354485935667,-0.29781934849513636,-0.028032747581993075,-0.0018084149620253675,-0.024846515197847446
Finnair,-0.059571238059732974,-0.1718368895153939,-0.00993094577461484,0.0050793512906005525,-0.026687276120037504
Firefly,0.11900569016968487,-0.11409498162292066,-0.04119911477140193,0.08394834756117571,0.07121070145141303
Flair Airlines,-0.026346238669132084,-0.4675627682268681,-0.07287802252992616,-0.021869238178866657,-0.1331176798579948
Fly540.com,0.018097758139234775,-0.07150275391921364,-0.07615374421053246,0.03860779093520089,0.07775803682939732
FlyArystan,0.16428297702764857,0.1402057692419421,0.0,0.03959035647492488,0.0
FlyGabon,0.0,0.0,0.0,0.9552493095397948,0.0
FlySafair,0.00619307436909133,-0.17238636929923978,-0.11977757611256172,0.027963827901442955,-0.09225376033652848
Flynas,-0.004199596952364964,-0.23793037419150534,-0.23209579431360966,-0.04853036612897135,-0.03729054033641891
French Bee,0.04223967200887533,-0.27893884477344555,-0.07393901372011301,-0.03328401210362098,-0.08600969654129312
Frontier Airlines,-0.04322287620326324,-0.46684941696908167,-0.0972029817946556,-0.038264377878478514,-0.1267061935579649
Fuji Dream Airlines,0.0,0.0,0.0,0.0,0.9857528805732728
Garuda Indonesia,-0.013847045480409999,-0.02337616990657997,0.004032215785040903,0.4073095203610259,0.039479815825234965
Georgian Airways,-0.010972420219235978,-0.2259645653252309,-0.11136687068098508,0.043453156654657654,-0.03921289987191913
Germania Airline,0.07738727109936283,-0.09271648181246117,-0.11904862059906102,0.08472356486368772,0.006706174152003001
Germanwings,0.007610329033486978,-0.031080915573581832,-0.07239102655153398,0.10850466693146038,0.0054111519407153315
Go First,-0.009006729676836267,-0.22207008240139078,-0.362088776905469,-0.025788334082202883,-0.1163469063383125
GoAir,0.0015921128711389471,-0.4750219926951327,-0.11513839518535787,-0.010757041963274285,-0.04532662052043533
Golden Myanmar Airlines,0.31517477830251056,0.0,0.0,0.0,0.0
Grand Cru Airlines,0.9484280347824096,0.0,0.0,0.0,0.0
Greater Bay Airlines,0.10273239653378415,-0.2669783378129611,-0.09997348799300261,0.02166377212796483,-0.041461995148871736
Gulf Air,0.06622970105301673,-0.11019122207887241,-0.09442211891092947,0.034338876374482935,-0.04664281746034808
HOP!,0.006711035782714344,-0.05886694178665718,0.11875777278792153,0.28255056529037625,0.0
Hainan Airlines,0.12244718803020797,0.013793802934459745,-0.0027800750937017455,0.2389399633601099,0.23515331988747915
Hawaiian Airlines,-0.0505434748481655,-0.290621118562157,-0.138353473112539,-0.02314104877847518,-0.06963078755565077
Henan Airlines,0.0,0.0,0.43087643658123487,0.4696603984187651,0.0
Hi Fly,-0.0728619376093176,-0.042861769975090586,-0.046156731024413526,-0.04026546272076243,0.0366835542462627
HiSky,-0.02937222450590804,-0.19342306277262786,-0.11497968451166554,0.049834387641658345,-0.0483667122407274
Himalaya Airlines,0.0,-0.1106585060538427,-0.35224788449057565,-0.23965904116630554,0.0
Hong Kong Airlines,0.03638422953052344,-0.052631056134387434,-0.04317052753627922,0.0818106802683476,0.008226167895286057
Horizon Air,0.07921521133622349,-0.06767267016102436,0.033159077006655276,0.181807816702947,0.07832312135429652
Hunnu Air,0.0,0.0,0.0,0.3231679959293777,0.2423364357951706
ITA Airways,-0.048257313530500154,-0.2787496763063144,-0.11200117685358998,-0.05497243946436789,-0.11617682699649555
Iberia,-0.010354651216979854,-0.25573672329506847,-0.06815830694223664,-0.024266451922483584,0.00010886902005043164
Iberia Express,-0.02464388636229903,-0.1872375328589256,-0.05140413578484473,-0.021145507540695205,-0.00984377061200385
Iberojet,0.0,-0.23361567696399768,-0.647197087203788,0.0,0.0
Icelandair,-0.003220566720262849,-0.22882061065794676,-0.09841669685146164,-0.037744020102153476,-0.07423760100025781
Insel Air,-0.011534324675200599,-0.05391479628042606,-0.3424608100579623,0.00011781157719425859,0.0239868538956963
InterSky,0.19256330556656323,0.0,0.05517771426245763,0.22800842104878677,-0.005388673762857468
Intercaribbean Airways,-0.0419526953232183,-0.304988853896406,-0.15886533979185832,0.0,-0.08885598094041912
Interjet,-0.0033754956790538245,-0.5065491310073653,-0.10026614300521523,-0.020353355207264015,-0.029956879268622408
Iran Air,0.1361179685396077,-0.0058322358561893745,-0.0013940325334913257,0.06420700579218665,0.022268816707997432
Iraqi Airways,0.0,-0.1196565655696454,-0.18270418643951417,0.05160820754797185,0.0
Israir Airlines,-0.07670759867088278,-0.05944993995349003,-0.1564181570676958,-0.10869748163240074,-0.0481964807083476
JC International Airlines,-0.26930324048868043,-0.5695663908017553,0.0,0.0,0.0
Jambojet,0.0,0.0,-0.8816090822219849,0.0,0.0
Japan Airlines,0.17145621757438675,-0.03131788142489603,-0.0013103134007087858,0.02101338942461014,0.058603825105912125
Jazeera Airways,-0.0617900605675163,-0.18670522271504075,-0.17484180725361567,-0.003114812529472464,-0.034745879973533476
Jazz,0.1643636890550421,0.0,0.12626572670537556,0.031268719220594765,-0.013555618558740712
Jeju Air,0.03344635609230232,-0.13092075210330648,-0.06219383346449827,-0.03422303404180432,-0.0917291513230003
Jet Airways,-0.11754560529643435,-0.23252194931927175,-0.11792524987080709,-0.043956940987610646,-0.055091034406828464
Jet2.com,0.034695834267788495,-0.08234210854631789,-0.0726706429603989,0.1476163336422963,0.018026480348540274
JetSmart,-0.015619492659212725,-0.42811404290615807,-0.1504517063338669,-0.019117668581017457,0.0334171073452672
Jetairfly,-0.005039797171861954,-0.06024419710485632,-0.06405277101674395,-0.0709489454813009,0.08597961582060606
Jetblue Airways,0.004982868185012551,-0.2830200935207652,-0.16996206445523943,-0.02085074828598434,-0.09817650167418375
Jetstar Airways,-0.04244058712962498,-0.2512327005167425,-0.15754248413541336,0.005078681685225345,-0.10611328477632676
Jetstar Asia,-0.04121855427252836,-0.18835736116219784,-0.04347332497469601,-0.005250307528798476,-0.05703365306129453
Jetstar Japan,-0.19848630180686946,-0.22551794649718032,-0.10141544189965032,-0.030820310367259567,-0.06741641892593422
Jetstar Pacific,-0.045709518831209224,-0.0760933408890088,-0.13302524527722523,-0.1594477343671088,-0.07878693486372658
JetsuiteX,0.0,0.0,0.9245178699493408,0.0,0.0
Jin Air,0.14530696648047198,0.009179752686379586,-0.01984863850807385,0.03647964316038698,0.01835316076012127
Joon,-0.26386591956621874,-0.02023747937341736,-0.030428238388471432,-0.07488318528084223,-0.08813574900609598
Jordan Aviation,0.0,-0.22892703594847863,-0.23934425971728235,-0.2222861740009742,-0.07316017168676511
KD Air,0.0,-0.4876482486724853,0.0,0.0,0.0
KLM Royal Dutch Airlines,0.002560906260825894,-0.2788007690898837,-0.027674438437552504,0.009811885660833025,-0.0007457493107632162
KM Malta Airlines,0.08004894813344215,-0.11580794389798961,0.0521234504570716,0.060878108475683625,0.0
Kam Air,0.0988498597071452,-0.08285362431537545,-0.06870899006899969,0.14476961165011987,-0.08851816114028213
Kan Air,0.35762033907668117,0.0,-0.24490277028908355,0.0,0.0
Karthago Airlines,-0.04082224494208981,-0.02313290144267835,-0.146837427054648,-0.054327216376868485,-0.051014474786884006
Kenya Airways,-0.04736361726135782,-0.16675323353787963,-0.25292156797679005,-0.009482038147666842,-0.05494740997770761
Korean Air,0.23230482931450613,-0.059534848647392474,-0.010945848105518541,0.04302467241895122,0.06723941394218393
Kulula,-0.0027593571604814663,-0.06777455371576022,-0.23998730141281224,-0.028085481655958276,0.05662559421885522
Kuwait Airways,-0.06094327548996824,-0.1250309557813115,-0.13559436028053531,-0.015883999308974023,-0.013908724076514866
LAN Airlines,0.12444109372432259,-0.04395985060624433,-0.05386303252622799,0.043036880869746115,-0.005650452363575599
LAN Colombia,0.1398787652519361,0.08555008453528917,0.0,0.029396576783594777,0.08490909046454981
LAN Peru,0.04477443878080856,-0.009155916687591355,0.0280810885523337,0.2510566440516588,0.014953811612848191
LATAM Airlines,0.02874379960017964,-0.25695566763621236,-0.09707091535317844,0.014673922387451474,-0.0016673497849642733
LC Perú,0.03332634373829415,-0.07673749891346686,-0.23053312798207407,0.027973894161168546,-0.0025787871374645032
LIAT,-0.002969393533474258,-0.05570216690325213,-0.2739104392102412,0.01640999882326969,-0.005266982247329935
LOT Polish Airlines,-0.04190814158641281,-0.2665971729358724,-0.09463619605031734,-0.001966949641190013,-0.06733536300186971
La Compagnie,0.06488525188338667,-0.11747835064937993,-0.03308253783900157,0.09416458031450167,-0.0004247352371988738
Lao Airlines,0.39016241659510636,-0.020968212098464462,0.013581356372635847,0.1072231787871641,0.07713609847010436
Laudamotion,-0.02364136081562611,-0.1437299713855361,-0.11601330894489308,0.00029973403308916315,-0.09929758510903403
Level,-0.012472647714764933,-0.26522225195090987,-0.0696293144411702,-0.053705687496221566,-0.04537520468029945
Libyan Airlines,0.04920036546128609,0.0,-0.034176185724143916,0.27126973484227446,-0.030203510113622056
Lion Air,-0.027828839153200224,-0.15212859101803541,-0.2752349819545929,-0.039788370677315055,-0.06798016820936328
Loch Lomond Seaplanes,0.0,0.0800609729703561,0.24166328689476033,0.0,0.11093510785516965
Loganair,0.04536089249554642,-0.19942773361453753,-0.08724178413115766,0.14243135298766396,0.035299693671430536
Lubeck Air,0.4890065491199494,0.0,0.0,0.0,0.4933504164218902
Lucky Air,0.0,-0.21221789785768763,-0.07993012080721143,0.049111518165072414,0.2415936168039518
Lufthansa,-0.09165856416233145,-0.21806078658751324,-0.1453798371868839,-0.04319056977307494,-0.0497883417757256
Luxair,0.0585307271187192,-0.08083825202789253,-0.00618984210573161,0.14365549006873646,0.15279184239793017
Lynx Air,0.004120961516104885,-0.32534871691432954,-0.0910133907249901,-0.02119306097413938,-0.07054209414935818
MAYAir,0.0,-0.30047152380914294,-0.538622817190857,0.0,0.0
MEGA Maldives Airlines,-0.9300194382667542,0.0,0.0,0.0,0.0
Mack Air,0.0,0.0,0.0,0.0,0.0
Madagasikara Airways,0.0,0.0,0.0,0.966773509979248,0.0
Mahan Air,0.4605714486055397,0.0,-0.006615638316964633,0.04491615026134174,0.02734775413054937
Malawian Airlines,0.03382809476788267,-0.05387563157011591,-0.013618615008034235,0.03167699256510577,-0.1229535160239474
Malaysia Airlines,0.1501889269882277,-0.11823985757722187,-0.044187874020374454,0.05521936305835201,-0.03162939924601004
Maldivian,0.01001571457035108,0.0,-0.14165544422558277,0.12356227121006624,0.05292313884092755
Malindo Air,-0.2177312521419379,-0.3217167219389589,-0.10568194317313771,-0.03170808397222958,-0.0318578372372171
Mandarin Airlines,0.0,0.0,0.0764910963570571,0.3929271164143586,0.0
Mann Yadanarpon Airlines,0.17145565656870768,0.0,0.0,0.21704115958958697,0.0
Manta Air,0.35978104911958575,0.0,0.0,0.5292814747222722,0.0
Martinair,-0.024101962261780865,-0.031523560550076705,0.002158318607670119,0.10656215271917535,-0.029493633281896022
Mauritania Airlines,-0.18110555952836233,0.0,-0.1866824870700721,0.36352214217185974,0.0
Maya Island Air,0.0,-0.2228385377742225,0.0,0.16871537455095587,0.0
Meridiana,0.012241774210143615,-0.06192716146523056,-0.16275868463602106,0.028817480981538107,0.05789411567808595
Mihin Lanka,0.0190150531926564,-0.057009434264726565,-0.0028253364548212942,-0.10061229899253991,0.024017094885143832
Mokulele Airlines,-0.05937013030052185,-0.23651373557782346,-0.16856701848962438,-0.05554908631420156,-0.04979425844332142
Moldavian Airlines,0.06315275753929427,0.0,0.08466805135641248,0.5752930530473473,0.041800686464764564
Monarch Airlines,0.02469587732911595,-0.038186520727936955,-0.018456401492841206,0.1382620916034478,0.03409380568827803
Montenegro Airlines,0.03260600986191895,-0.03689126056168024,-0.02410634901925348,0.15848836851753173,-0.0147917858193894
Motor Sich Airlines,0.16356922189394632,0.0,0.0,0.0,0.0
Myanmar Airways,0.24905712129337257,-0.005984713764576536,-0.010669491922730482,0.1761940118906822,0.05329962339489729
Myanmar National Airlines,0.4607925810651083,-0.09450762202054722,0.024757102465956436,0.04995582435969137,0.09916907900590853
NAM Air,-0.05925028631509923,-0.05811179056763649,-0.1751639241899921,0.07013018695244885,0.04946900450247542
NIKI,0.11850382562697226,0.0297999109355571,0.002134342645348899,0.25771060118427885,0.04200430928426899
Nature Air,0.0,-0.24930586641314012,-0.055025740904687,0.0,-0.21394614206173335
Nauru Airlines,0.4233497679233551,0.0,0.0,0.477765143,0.0
Nepal Airlines,0.1953460911415707,-0.06163669217301193,-0.1571879906758769,0.10350337960156132,-0.00307737776921853
New Pacific Airlines,0.0,-0.8598338961601257,0.0,0.0,0.0
NextJet,0.0,0.0,0.0,0.0,0.0
Nile Air,0.0,0.0,0.0,0.7705304622650146,0.0
Nok Air,0.08400282277273902,-0.15995148583927768,-0.09030186120962114,0.007867958761576825,-0.03272820399435778
NokScoot,-0.0870335445697167,-0.18794263402164776,0.0,0.0,-0.08328159194696563
NordStar,0.4891742765903473,0.0,0.0,0.0,0.0
Nordavia,0.21061192135613882,-0.09955686492344856,0.0964245398194765,0.0,0.0
Nordic Regional Airlines,0.0,0.0,-0.4251927791041482,0.0,-0.2669210376339804
Nordica,0.0,-0.07240623402994763,-0.15310358833867416,-0.2374648153781891,0.19477586448192596
Nordwind Airlines,0.4571531715,0.0,0.0,0.1284053084400916,0.282553667113421
Norse Atlantic Airways,-0.05600908638239812,-0.33509795449865437,-0.04972516464188744,-0.04732056328001897,-0.0660782636242593
Norwegian,-0.006792137424085569,-0.32172154869410313,-0.04769335860921555,0.030359930999461014,0.027202084347260742
Nouvelair,0.05911020329910718,-0.19199002700321274,-0.09432054027213596,-0.01922216845720996,-0.07646516837614323
Novair,0.0,0.0,0.22204442215344591,0.7323704223594937,0.0
Novoair,0.20476074973852726,0.0,-0.3603607014826068,0.0,0.0
Okay Airways,0.025608586909596987,0.05483324480072756,0.0,0.031194277939810482,0.39566805958747864
Olympic Air,0.14246092013882158,-0.029145742248252705,-0.04240904986891234,0.14886292414845026,0.09364941342065171
Oman Air,0.1590452618474965,-0.33553676237187147,-0.012883701198383262,-0.003100759814060002,0.02791611502375428
Omni Air International,-0.17456554662613488,-0.05699924073100774,-0.18759857881885666,0.021810523979238054,-0.05540305832251648
Onur Air,0.028569912449188207,-0.037104662159436294,-0.1032398892895064,-0.07086890009726171,-0.036317548366386204
Openskies,0.06013626637650864,-0.07527020753943564,-0.040776341332622965,0.036944413678860005,0.004975075972818358
PAL Express,-0.19426771550297695,-0.0776923016696535,-0.1602009647680046,0.02618699387382141,0.028829187793508317
PAWA Dominicana,0.1583845937579444,-0.2382664801683882,0.3105193052420556,0.0,-0.18837665299506395
PLAY,0.010584759472446493,-0.2183382542936389,-0.03473289681760872,0.01376127394930004,-0.016823308802355295
Pacific Airlines,-0.052247597547957665,-0.21838641762230093,-0.1742260691880726,-0.12049251640390175,-0.06219372621941751
Pan Pacific Airlines,0.0,0.0,0.0,-0.771645188,0.0
Passion Air,0.0,-0.060821360253642716,-0.37630773957200486,-0.04826361314112196,-0.1328524714621398
Peach Aviation,-0.04106497963685532,-0.13530379614100543,-0.06877132130212642,-0.013626395188302696,-0.011865588685029333
Pegasus Airlines,-0.022330288832547295,-0.3185205358233559,-0.2246797081722658,-0.019763184243788496,-0.0702160579195478
Pelita Air,0.23893915750566305,0.0,0.0,0.6723852044544302,0.0
PenAir,0.0,-0.2610624093928417,-0.1825580238879404,0.0,0.0
Peruvian Airlines,-0.017532234542300778,-0.1363236696112465,-0.4449191200430094,-0.02235173218886399,-0.06330985319780362
Petroleum Air Services,-0.07142786387153512,-0.06588854823785707,-0.0013595372304728015,0.22826119961542035,-0.15581743981165005
Philippine Airlines,-0.03988313844893925,-0.16299499004686524,-0.07710509117070279,-0.011542394366501159,-0.03156840286277769
Phuket Air,0.026053238331817323,-0.03417907606322331,-0.15624914339422724,0.01785361399072035,-0.016231276825265126
Pobeda Airlines,0.0042593319398874525,-0.25166221955649365,-0.0950394463901575,-0.027800009118429888,-0.18721764096044421
Porter Airlines,0.03388406835245961,-0.22306260911814138,-0.10649525604421192,0.03160670162706227,-0.04805834742880247
Primera Air,0.0,-0.15624903572815105,-0.28056342654181915,-0.04189546437993231,-0.04889517167446446
Privilege Style,-0.051801586389907305,0.0021132098315269484,0.004017469948432214,0.05783708789691179,-0.004886912353115571
Qantas Airways,-0.03355337791202615,-0.09166649896671514,-0.07907836959828053,-0.07636339721359973,-0.028961490147591026
QantasLink,0.04669421440792539,-0.03576515772786102,-0.005937990467178648,0.23922484479922507,0.044654361008180044
Qatar Airways,0.18191950386447986,-0.05430755959464171,-0.025138450100774888,0.003377464099000975,0.02350269045246538
Qazaq Air,0.17576424087764123,0.0,0.0,0.18292138152165374,0.10777448660070507
Ravn Alaska,0.0,-0.09206019764514563,-0.43184547034861187,-0.07535289393530951,0.0
Red Wings Airlines,0.0,-0.2795065442721049,-0.31871209541956586,0.09503957142613312,0.18675446003494678
Regent Airways,-0.06992754829740123,0.04429958625273271,-0.16515778324158942,0.010984681859497839,0.006812670358073355
Regional Express,0.020254151716089186,0.03775274736716661,-0.008255982347546821,0.230610749200911,0.21897121037130501
Rex Airlines,0.08401203580123424,-0.018909893619325144,-0.014426167981983621,0.1568127682856988,0.28456885512695634
Rhein-Neckar Air,0.0,0.0,0.0,0.0,0.9781238436698914
Rossiya Airlines,0.04717927140060598,-0.025019950561433472,0.025601589547685908,0.08063746350517814,0.02691382422566072
Royal Air Maroc,0.014008782758086352,-0.25926601509322544,-0.0867407106748934,-0.016415433562165425,-0.023593631319788307
Royal Brunei Airlines,0.20555858207890393,-0.017054383297293644,-0.01079995870682648,0.07510372053523624,0.023235633575863616
Royal Jordanian Airlines,-0.12634679984582528,-0.3361635766822051,-0.0948509867295871,-0.05301137076128195,-0.04794124875301934
Rwandair,0.01729397451395476,-0.07068768383936887,-0.1412247167148703,0.049647078150944324,-0.04917502896552443
Ryanair,0.008760930522467524,-0.21355682688940092,-0.11294567070332862,0.011238800052609159,-0.06718503821534624
S7 Siberia Airlines,0.0770259352523721,-0.037923210562587024,0.007358619930472849,0.191934515179299,0.024821851290590165
SA Express,0.015181084277994477,-0.041745818345447785,-0.048964734654578596,0.10356607546176035,-0.0476346854379313
SATA Air Azores,0.04033340477121627,-0.2790122315719101,-0.09738666935510108,0.0026463045398729497,0.0013301346363568118
SATENA,0.0,-0.07015020333870195,-0.11304936921109418,0.0,0.21004040835950377
SCAT Airlines,-0.014418370741308334,-0.2963199904212025,-0.13100690642992655,0.03756537684790635,0.10158717616340007
STARLUX Airlines,0.07219210012296708,-0.14958207325105902,-0.029855296087360855,-0.004602190606707801,-0.0020003472275907175
SVG Air,0.0,0.0,0.0,0.0,0.0
Safarilink,0.4544134140014648,0.0,0.0,0.0,0.36305657029151917
Safi Airways,0.018212579630792744,-0.10390639883537092,-0.14388345134322023,0.1013349353043324,0.018458852675369085
Salam Air,0.005846875171137885,-0.22380847960676448,-0.15651683840919425,-0.12647351133382564,-0.13004606969185295
Sansa Airlines,0.0,-0.2705563956124414,-0.02837970996596863,0.0,0.008539074625315541
Saudi Arabian Airlines,-0.0010472342193833496,-0.19504459882789685,-0.05773874438988818,-0.0004749049394621238,0.03067811357425654
Scoot,-0.02535153090009965,-0.13362879010393652,-0.15861397840270086,-0.04219253063826677,-0.12459060271144226
Seaborne Airlines,0.0,-0.28617090549304997,-0.31378285244189097,-0.030229795335879172,-0.051200435973333805
SereneAir,-0.02402311568910799,-0.07763180746360727,-0.2669474220473834,-0.014793506873304711,-0.046509434239280355
Shaheen Air,0.19247473949847346,0.0,0.12214040934984162,0.15387988880881362,0.05991113285014341
Shandong Airlines,0.15520622178243204,-0.04968214668800025,-0.059122091372239664,0.0021521043903049274,0.03836547113294056
Shanghai Airlines,0.038678473457116135,-0.030849771311275795,-0.13842213167268577,0.01636802495406848,0.039514417843019546
Shenzhen Airlines,-0.01715397471770439,-0.13906282860314395,-0.026998973730029657,0.09438467034591548,-0.01676368958044326
Sichuan Airlines,0.028721644001890433,-0.08875009601218242,-0.00011532769684810206,0.07048110348602385,0.08843125737459401
SilkAir,-0.0066533294838034066,-0.008768343754142548,-0.012269115879280505,0.0027832792933594613,-0.023611534102057373
Silver Airways,-0.025418850016787314,-0.3642544729236291,-0.25735958460095354,0.003979845036079333,-0.07524561916703586
Singapore Airlines,0.051162622507171164,-0.056758217228920174,-0.01989177287777458,0.027458577203525403,0.0801758718957098
Sky Airline,0.042877130044615554,-0.25347068530066946,-0.08292039240250426,0.019912327603813854,0.009674596750964102
Sky Express Airlines,0.01975267667970542,-0.34123392203905767,-0.1436024368915053,-0.004766498234299491,-0.029893861970379777
SkyUp Airlines,0.0,-0.1211088534235189,-0.31806747133333335,0.2152425448099772,-0.11027580141631467
SkyWest Airlines,0.13360144192662618,-0.005011838345866913,-0.016787395788317,0.10810982663245758,0.19584066313513407
SkyWork Airlines,0.0,-0.09249196701453656,-0.010456504146352075,0.2876982673368564,-0.15147127106509736
Skybus,0.0,-0.0378144966250669,-0.19801958475046766,0.0,-0.0900345152577408
Skymark Airlines,0.30891534569102636,-0.043274892299850515,0.032798770260304366,0.09559178905316912,0.12170036508447082
Skytrans Airlines,0.0,-0.144595549189662,-0.2897320151844096,0.10548080570311177,-0.173170262474609
SmartLynx Airlines,-0.08066701362515202,-0.03571580882980699,-0.25011116702432834,-0.052831311061898686,-0.13433390906398057
SmartWings,0.04111654140017993,-0.06616599333339104,-0.21106888466394552,-0.0020786211993164172,-0.0026152040696279044
Smartavia,-0.2269162684679031,-0.1944499165,-0.060081956388165964,-0.07859204862398105,-0.3102216282085256
Sol Líneas Aéreas,0.0,0.0,-0.7278876900672913,0.0,0.0
Solomon Airlines,0.02448824388120163,0.0,0.040492386326741237,0.3761144103121275,0.07304377728721616
Somon Air,-0.10072650222382377,0.0,0.0,0.0,-0.07451399457055895
South African Airways,-0.009558291380779536,-0.09401226334172091,-0.06189636605010742,0.037714011785851966,-0.05176718392064475
Southern Airways Express,0.0,-0.2340177676063881,-0.424918017687191,0.0,0.0
Southwest Airlines,0.01588630289835424,-0.18977853105183304,-0.07535240019334564,0.01864509966278852,-0.035314910562239246
SpiceJet,0.00025764094672863,-0.2252656806309439,-0.25484197449792784,-0.016383770759659983,0.04832154341229794
Spirit Airlines,-0.03180045798028758,-0.3213530763236392,-0.21588173089709511,-0.0542267001098737,-0.09356542130519178
SriLankan Airlines,-0.025833009080156236,-0.2205769780386413,-0.10734746221078105,-0.010620980872600933,-0.0857953107799018
Sriwijaya Air,0.0520260802512349,-0.12247705638710393,-0.06987003876296839,-0.014166350938847381,-0.019496335801989794
StarFlyer,0.07948096505279234,0.0,0.0,0.5084348392740704,0.336374524883383
Sudan Airways,-0.7811462879180908,0.0,0.0,0.0,0.0
Sun Country Airlines,-0.015211662694613722,-0.3835312334691459,-0.1297330189630836,-0.035261242464645806,-0.048155917513734894
Sun-Air,0.2894196926733963,0.0,0.11199272354127632,0.20194523851392998,0.1985911608555801
Sunwing Airlines,-0.009982949423191799,-0.1914990123566015,-0.22439817622143068,-0.02156693764797421,-0.11438905705073638
Suparna Airlines,0.0,0.0,-0.3328651170602269,-0.48273462249131727,0.0
Super Air Jet,-0.032340313087193116,-0.1426505727459248,-0.3804519390856434,-0.014169581548591968,-0.010927537654416022
Surinam Airways,0.0,-0.15814104210216448,0.019949351756203413,0.14084157471169662,-0.016303570448963065
Swoop,-0.015287881147801769,-0.4300595463189733,-0.15471906057187282,-0.01422100396993768,-0.01290196242138173
SyrianAir,0.014020641062783692,0.005106822304103685,-0.04009615132773451,0.0935456095329992,0.047343371042096426
T'Way Air,0.08832842812650402,-0.21452667720714333,-0.17492800845496434,0.007671144351519965,-0.04519165116554028
TAAG Angola Airlines,-0.035129761785115565,-0.099007594502632,-0.14840598784621242,0.013502230438491747,-0.07669284330217427
TACA Regional,-0.28806114196777344,0.1338969996276594,-0.08793261952232294,0.0,0.0
TAG Airlines,0.0,-0.41741358257578204,-0.055333267563663566,0.0,-0.00718684451203569
TAM Airlines,0.010621967221928603,-0.045217802306022056,-0.08425105254693273,0.0063557752998583674,-0.0026834681827880252
TAME,-0.02353388534905329,-0.2452799741849995,0.000978654412355787,-0.0031663041073218597,0.04857066304827149
TAP Portugal,-0.06171547016109564,-0.32970801184612036,-0.07163636249185115,-0.02982728600294284,-0.0736112074718978
TAR Aerolineas,0.06759280249894495,-0.4770194412873601,-0.0175600328504053,0.06964747203611626,0.10886410498878893
TUI Airways,0.023612529471038875,-0.04129028708255321,-0.05227120960978971,0.04556000581438077,-0.0048362850432376306
TUIfly,0.010373389463681357,-0.02818762085824494,-0.026540835656973318,0.07968964703420155,-0.009407175709293131
TUIfly Nordic,0.0,0.0,0.0,0.0,0.0
TUS Airways,0.052637637429471515,0.00505100586189805,-0.04331458010448992,0.0,0.3515772364804787
Tailwind Airlines,0.057129471911032924,-0.2227022884938256,-0.2235399346684974,0.05756804210755037,0.17501300767941474
Tame Línea Aérea Del Ecuador,-0.07139079490883928,-0.4329851162965029,-0.12233468622882204,-0.017629188578112017,-0.026599470735287428
Tara Air,0.18951235711372116,0.0,0.28589798510277054,0.0,0.0
Thai AirAsia,0.09352019338793671,-0.1424507547512163,-0.024753411839434393,-0.020691290631672462,-0.01015074452855759
Thai Airways,0.07452265660350854,-0.07355063297731465,-0.04495733873091618,-0.030726627168017794,-0.01643886011623972
Thai Lion Air,-0.20527774339184557,-0.2948741983463381,-0.09809730596983635,0.001603279033912977,-0.026619661907427684
Thai Smile Airways,0.12373841611840014,-0.009523072479230928,-0.007098350955465665,0.10398997582509496,0.14505614431371813
Thomas Cook Airlines,0.014883473790552245,-0.08973144707526673,-0.06079276528260695,-0.08717156630590292,-0.010336773022672864
Thomas Cook Airlines Scandinavia,0.018045733232917218,0.0,0.06717627909981527,0.20840954192164377,0.03948983158218855
Thomson Airways,0.014666781483116976,-0.006533246824618373,-0.02737551278443568,0.03833498344412252,0.038503716931384255
Tianjin Airlines,0.08875710176149912,-0.03428534775921545,-0.023369609208585752,0.06435784904356161,0.06481580324334248
Tibet Airlines,0.41567068775155225,0.0,0.0,0.0,0.5351990513040814
Tigerair,0.08689216192383173,-0.0601314946959506,-0.07014964887553955,0.02892630294695914,0.08388233927017621
Tigerair Australia,-0.036599992065650684,-0.36768375953805554,-0.2051668577542508,-0.044078203710711895,-0.054049556613704634
Tigerair Taiwan,-0.00629173841433992,-0.31334106996178784,0.016277636401554146,0.09625524282455444,-0.029764524430266497
Titan Airways,0.025001189186936036,-0.005810123151178541,-0.004915896568966538,0.148875148051865,0.016391465062270554
TransAsia Airways,0.11129480600357056,0.0,0.0,0.21925333412925174,0.27318447979911914
TransNusa,-0.04869885614159741,-0.3528031664865335,-0.21201376087583798,-0.0267225975910529,-0.021109696063111427
Transaero Airlines,-0.03519763700427136,-0.010447038050203245,-0.06233185568430622,-0.03256559441485306,-0.016294181365045388
Transavia,-0.01791925250536536,-0.34076164732051806,-0.07942225608360955,-0.07872803078867349,-0.080579656970685
Trigana Air,0.0,0.0,0.17168913809546352,0.2895464149307358,0.0
Tropic Air Belize,0.15946335593859354,-0.022496435302267043,0.1256282014506613,0.0,0.0
Tunisair,0.024969557870888417,-0.03167380210443649,-0.1704055713371649,0.08841292610676114,-0.04787657834574517
Turkish Airlines,-0.02380974509100491,-0.25940283120799,-0.14875755344463043,-0.022426345953347936,-0.07351672604222945
Turkmenistan Airlines,-0.11763405566222795,-0.018146305570772986,-0.11766100209494891,0.005606866117564903,-0.034932985972866586
UP by El Al,0.23999762535095215,-0.30664576810391475,-0.050583443556962364,0.0,-0.06761737790439999
US Airways,-0.006263260285061272,-0.09534024542010117,-0.26908491964194375,-0.054778089339286025,-0.06392706348521333
US-Bangla Airlines,-0.011376542824559084,-0.02755276255784755,0.03186224040157999,0.0,-0.16778018023538022
Uganda Airlines,0.060072285788399835,-0.1972383347765752,-0.20630744934681308,0.010707892118686366,-0.06802961513765605
Ultra Air,0.0,0.2180575728416443,0.0,0.0,-0.3162807423333333
United Airlines,0.04257770152393547,-0.23481656145407356,-0.12122589170198994,-0.04452524644997074,-0.04663656750379997
Ural Airlines,0.033319605433462664,-0.08089428557178362,-0.19232491501671134,0.015874602127946825,-0.09519684393340634
Utair Aviation,0.12403934086761495,0.020480821426926178,0.01980044612429832,0.17474307838526446,-0.15422116293651206
Uzbekistan Airways,0.005236461252902014,-0.032092497610136585,-0.029862541146704096,-0.006563946368459398,-0.0021762357724051788
V Air,0.09633774501306033,-0.11777224507019003,-0.07782995480537272,0.09695014274506206,0.0
VLM Airlines,0.0554185453778926,0.021647667781636327,0.04227223916981457,0.1653911951955851,0.09616805065659595
Vanilla Air,0.10889920922584165,-0.11921664472998131,-0.03215763432868978,0.030259720750732116,-0.026511136533993892
ViaAir,0.07207610390403053,-0.35118303596514244,-0.1115422729086136,-0.05378513139395688,-0.015588351520683712
Vietnam Airlines,0.06355537311598453,-0.07080174003472567,-0.013491287314645781,0.022738078372168447,0.01170479340958625
Virgin America,0.027748810932061118,-0.09056945757433456,-0.04408649394489505,0.021865464695065232,-0.03899594362621172
Virgin Australia,0.05166710746753583,-0.14144711546981908,-0.019138143745659433,0.09126930223131564,0.07431205573082748
Vistara,0.18200383668528808,-0.06685622325284044,-0.0002928112307484809,0.08110417633094912,0.041282182933865076
Viva Air,-0.023834368039495128,-0.48317360201206544,-0.09846714834087264,-0.01893718815361824,-0.14406824215871325
VivaAerobús,-0.011284703486901604,-0.37408898413098846,-0.1161092992970641,-0.054022834164490864,-0.0689049956460617
VivaColombia,-0.004269371225546396,-0.36869905689811805,-0.029286562557116383,-0.005381895604226042,-0.3781580597658323
Volaris,-0.017017664973016326,-0.48678577405978396,-0.11022963158681925,-0.012555017362209658,-0.10964749605736207
Volotea,0.0742994724737435,0.03790048065345743,0.07234795910810685,0.16360265318453704,0.48111188313263503
Voyage Air,0.0,-0.9105901718139648,0.0,0.0,0.0
Vueling Airlines,-0.00499329222750189,-0.4136441925242179,-0.08805478628104982,-0.0003447652875383866,-0.03763491878868555
WOW air,-0.006661803920765215,-0.26656088852065984,-0.03193820856250598,-0.045058814691337865,-0.05131118401917185
Wamos Air,-0.11644250681804147,-0.03312787199328813,-0.10599357414396661,-0.0791849513736388,-0.03384940307511131
Wideroe,0.0,-0.13828035831056792,-0.14138060057594257,0.07466082578610062,-0.05498388688979278
Winair,0.017805284520327886,-0.29524183222330486,-0.09290483451267413,0.0,0.0
Wingo,0.017278235230366687,-0.47864638771233214,-0.06266074665535516,-0.006871145520584935,-0.10371176192441611
Wings Air,-0.03573831775522519,-0.07174212126735559,-0.21967120779375232,-0.06157657911325847,-0.009517307344555723
Wizz Air,0.004420561621300168,-0.45629606466617373,-0.13004289977212818,-0.01737803231043884,-0.07637309251724655
World2Fly,0.0,-0.7323551429648526,-0.0727309234189568,0.0,0.0
XL Airways France,-0.03984270721441744,-0.07336611399298229,-0.03581260576458618,0.07625815748617813,0.011147426067617384
Xiamen Airlines,0.05941311678334906,-0.08180373466555708,-0.0466464084723662,0.05030868373780729,-0.00940145227953265
Yakutia Airlines,0.2286599576473236,0.0,0.0,0.08338992964149763,0.04459404278873155
Yangon Airways,0.19887370584220268,0.07936100360708136,0.07288328059805291,0.10269621849077187,0.0
Yemenia,0.032232223275638065,-0.025365997905922717,-0.020687329926840706,0.027980957477734106,0.014660907631625905
Yeti Airlines,-0.036189808661314785,-0.11550678697210683,0.1015513480716774,0.04464771121343485,-0.09878040652655108
ZIPAIR,-0.026783254431551173,-0.20905758901630347,-0.059684712481894185,-0.011913982533101523,-0.07046692655851243
Zambia Airways,0.0,0.0,-0.2540906785523682,0.0,-0.18324302448870844
airBaltic,-0.024476355706483478,-0.23215694948953092,-0.09738739499002143,0.02272937282107187,-0.04860454153098757
bmi Regional,0.02996690175858607,-0.12382734485338669,-0.1633969239301634,0.07047025560124695,0.00285394174864507
easyJet,-0.0032983672893724847,-0.1862769711955888,-0.15666357466023847,0.007892306186125662,-0.05956846070819608
euroAtlantic Airways,-0.1451008601058506,-0.03548634747571341,-0.12900648016962657,-0.2811433061774086,-0.04495209579228195
fastjet,0.0,-0.12451579509191618,-0.057487885721245136,-0.0017553877651649,0.022247361282911715
flyadeal,-0.07414986917277676,-0.27168769056425685,-0.27671365164084794,-0.07110603689410801,-0.06401580660847861
flybe,0.0,-0.14018544554710388,-0.20516741275787354,0.3455455492899525,0.12069408188604236
flybondi,-0.05748687023753602,-0.2619206165657134,-0.24647348183549136,-0.02601441133106827,-0.023503772071652818
flydubai,-0.056586503144648574,-0.22458783047023317,-0.14977720860137256,-0.03230911046797842,-0.11053084702908297
